大分類,小分類,產品編號,中文品名,日文品名,英文品名/規格,單位,季節/備註,
飛機貨(鮮活),鮮魚/活口海鮮,,本鮪腩(不連赤身),No.1 Otoro,Fresh Bluefin Tuna No.1 Belly (4kg~6kg),KG,All,
飛機貨(鮮活),鮮魚/活口海鮮,,本鮪腩 (連赤身),No.1 Otoro,Fresh Bluefin Tuna No.1 Belly (5kg~8kg),KG,All,
飛機貨(鮮活),鮮魚/活口海鮮,,本鮪中腩,CHU-toro,Fresh Bluefin Tuna No.2 belly (4kg~7kg),KG,All,
飛機貨(鮮活),鮮魚/活口海鮮,,本鮪赤身,Akami,Fresh Bluefin Tuna Akami (1kg~5KG),KG,All,
飛機貨(鮮活),鮮魚/活口海鮮,,天然劍魚,Kajiki Maguro,Fresh Wild Swordfish No.1 Belly (3-4kg),KG,All,
飛機貨(鮮活),鮮魚/活口海鮮,,銀鱈魚,Gindara,Fresh Wild Japanese sablefish (1.7-2.5kg),KG,All,
飛機貨(鮮活),鮮魚/活口海鮮,,鰆魚,Sawara,Fresh Wild Japanese Spanish Mackerel (3-4kg),KG,All,
飛機貨(鮮活),鮮魚/活口海鮮,,油甘魚,Hamachi,Fresh Aquaculture Yellowtail (4-6kg),KG,All,
飛機貨(鮮活),鮮魚/活口海鮮,,油甘魚片半身,Hamachi 1/2,Fresh Aquaculture Yellowtail Half (2-3kg),KG,All,
飛機貨(鮮活),鮮魚/活口海鮮,,鱆紅魚/間八,Kanpachi,Fresh Pirplish Amberjack (2.8-5kg),KG,All,
飛機貨(鮮活),鮮魚/活口海鮮,,鱆紅魚/間八 半身,Kanpachi 1/2,Fresh Pirplish Amberjack half (1.5-2.5kg),KG,All,
飛機貨(鮮活),鮮魚/活口海鮮,,鰤魚腩 1/4,Buri (HARA ),Fresh Aquaculture amberjack 1/4 (2-4kg),KG,All,
飛機貨(鮮活),鮮魚/活口海鮮,,平政,Hiramasa,Fresh yellowtail amberjack (4.5-7kg),KG,All,
飛機貨(鮮活),鮮魚/活口海鮮,,平政(半身),Hiramasa (Half),Fresh yellowtail amberjack Half (3-4kg),KG,All,
飛機貨(鮮活),鮮魚/活口海鮮,,鰹,Katsuo,Fresh Wild bonito (4-5kg),KG,All,
飛機貨(鮮活),鮮魚/活口海鮮,,鰹半身,Katsuo (half),Fresh Wild Bonito half (2-3kg),KG,All,
飛機貨(鮮活),鮮魚/活口海鮮,,鰹1/4腹,Katsuo (1/4),Fresh Wild Bonito 1/4 (1.2-1.8kg),KG,All,
飛機貨(鮮活),鮮魚/活口海鮮,,大池魚,Shimaaji,Fresh White trevally (1.0kg~2kg),KG,All,
飛機貨(鮮活),鮮魚/活口海鮮,,櫻鱒,Sakura masu,Fresh Wild Masu salmon (3kg~4kg),KG,All,
飛機貨(鮮活),鮮魚/活口海鮮,,沙甸魚,IWASHI,Fresh Wild Japanese Sardine (80g~120g),KG,All,
飛機貨(鮮活),鮮魚/活口海鮮,,秋刀魚,Sanma,Fresh Wild Pacific Saury (80g-140g),KG,AUTUMN,
飛機貨(鮮活),鮮魚/活口海鮮,,池魚,Aji,Fresh Wild jack mackerel (160g~300g),KG,All,
飛機貨(鮮活),鮮魚/活口海鮮,,釣池魚,Tsuriaji,Fresh Wild jack mackerel (160g~300g),KG,All,
飛機貨(鮮活),鮮魚/活口海鮮,,伊佐木,Isaki,Fresh Wild Chicken grunt (400G-1Kg),KG,All,
飛機貨(鮮活),鮮魚/活口海鮮,,魴鮄魚,Houbou,Fresh Wild Bluefin searobin (0.4kg~1kg),KG,All,
飛機貨(鮮活),鮮魚/活口海鮮,,飛魚,Tobiuo,Fresh Wild flyingfish (0.3kg~0.8kg),KG,All,
飛機貨(鮮活),鮮魚/活口海鮮,,赤鯥魚,Akamutsu,Fresh Blackthroat Seaperch (400～800g),KG,All,
飛機貨(鮮活),鮮魚/活口海鮮,,黑鯥魚,Kuromutsu,Fresh Gnomefish (1kg~1.8kg),KG,All,
飛機貨(鮮活),鮮魚/活口海鮮,,鱸魚,Suzuki,Fresh Wild Japanese Sea Bass (1.5kg~3kg),KG,All,
飛機貨(鮮活),鮮魚/活口海鮮,,剝皮魚,KAWAHAGI,Fresh Wild Leatherfish (250-500g),KG,WINTER,
飛機貨(鮮活),鮮魚/活口海鮮,,馬面剝,UMAZURAHAGI,Fresh Wild Black scraper (250-400g),KG,WINTER-SPRING,
飛機貨(鮮活),鮮魚/活口海鮮,,鯛魚,Tai,Fresh Red Sea Bream (2kg~3kg),KG,All,
飛機貨(鮮活),鮮魚/活口海鮮,,金目鯛,Kinmedai,Fresh Wild Splendid alfonsino (1.0kg~2.5kg),KG,All,
飛機貨(鮮活),鮮魚/活口海鮮,,地金目鯛,Ji-Kinmedai,Fresh Wild Splendid alfonsino (1.0kg~1.8kg),KG,All,
飛機貨(鮮活),鮮魚/活口海鮮,,赤甘鯛,Akaamadai,Fresh Wild Japanese Barnquillo (800g-1.3kg),KG,All,
飛機貨(鮮活),鮮魚/活口海鮮,,的鯛,Matoudai,Fresh Wild JOHN Dory (1kg~1.5kg),KG,All,
飛機貨(鮮活),鮮魚/活口海鮮,,石垣鯛,Ishigakidai,Fresh Wild Spotted Parrotfish (1kg~1.5kg),KG,All,
飛機貨(鮮活),鮮魚/活口海鮮,,石鯛,Ishidai,Japanese Fresh Rock Bream (1kg~1.5kg),KG,All,
飛機貨(鮮活),鮮魚/活口海鮮,,疣鯛,Ebodai,Fresh Pacific rudderfish (180g~300g),KG,SPRING-AUTUMN,
飛機貨(鮮活),鮮魚/活口海鮮,,尾長鯛,Onagadai,Fresh Etelis (700g~1.8kg),KG,AUTUMN-SPRING,
飛機貨(鮮活),鮮魚/活口海鮮,,喜之次,Kinki,Fresh Wild Idiot (300～800g),KG,All,
飛機貨(鮮活),鮮魚/活口海鮮,,鮫鰈,Samegarei,Fresh Wild Roughscale Sole (2kg~4kg),KG,All,
飛機貨(鮮活),鮮魚/活口海鮮,,泳鮃目魚,Live Hirame,Live Bastard Halibut (1.2～1.6kg),KG,All,
飛機貨(鮮活),鮮魚/活口海鮮,,鮃目魚 (活殺),Hirame (Ike jime),Fresh Wild Bastard Halibut (1.2～1.6kg),KG,All,
飛機貨(鮮活),鮮魚/活口海鮮,,金線鯛/紅杉魚,Itoyori,Fresh Wild Goldenthread (400g~1kg),KG,All,
飛機貨(鮮活),鮮魚/活口海鮮,,鯖魚,Saba,Fresh Wild Mackerel (500g~1kg),KG,All,
飛機貨(鮮活),鮮魚/活口海鮮,,眼仁奈,Mejina,Fresh Wild Girella Leonina (0.5kg~1kg),KG,All,
飛機貨(鮮活),鮮魚/活口海鮮,,赤目張/目張,Mebaru,Fresh White-edged rockfish (300g~500g),KG,SPRING-SUMMER,
飛機貨(鮮活),鮮魚/活口海鮮,,石頭魚,Okoze,Fresh Stone fish (250g~400g),KG,SPRING-SUMMER,
飛機貨(鮮活),鮮魚/活口海鮮,,石斑(九絵),Kue,Fresh tawny grouper (1.5kg~10kg),KG,WINTER-SPRING,
飛機貨(鮮活),鮮魚/活口海鮮,,赤血引,Akachibiki,Fresh Bonnet mouth Fish (1kg~2kg),KG,AUTUMN-WINTER,
飛機貨(鮮活),鮮魚/活口海鮮,,笠子魚,Kasago,Fresh Wild Marbled rockfish (0.4kg~1kg),KG,All,
飛機貨(鮮活),鮮魚/活口海鮮,,愛女魚,Ainame,Fresh Fat greenling (600g~1.5kg),KG,SPRING-AUTUMN,
飛機貨(鮮活),鮮魚/活口海鮮,,赤矢柄,Yagara,Fresh Red Fistularia (1kg~2.5kg),KG,All,
飛機貨(鮮活),鮮魚/活口海鮮,,太刀魚,Tachuo,Fresh Wild Cutlassfish (0.8kg~1.5kg),KG,All,
飛機貨(鮮活),鮮魚/活口海鮮,,白倉魚,MANA KATSUO,Live Japanese Harvestfish (2kg~3kg),KG,All,
飛機貨(鮮活),鮮魚/活口海鮮,,赤羽太,Akahata,Fresh Red grouper (400g~1kg),KG,All,
飛機貨(鮮活),鮮魚/活口海鮮,,青羽太,Kihata,Fresh Green grouper (600g~1.2KG),KG,All,
飛機貨(鮮活),鮮魚/活口海鮮,,八角,Hakkaku,Fresh Agonus (400g~800g),KG,WINTER-SPRING,
飛機貨(鮮活),小型魚/細魚,,梭子魚,Kamasu,Fresh Barracuda Fish (200g~250g),KG,All,
飛機貨(鮮活),小型魚/細魚,,針魚,Sayori,Fresh Wild Japanese halfbeak (100-150G),KG,WINTER,
飛機貨(鮮活),小型魚/細魚,,小肌,Kohada,Fresh Wild Dottedgizzardshad (30g~50g),KG,All,
飛機貨(鮮活),小型魚/細魚,,沙搥魚,Kisu,Fresh Wild Sillaginidae (30g~50g),KG,All,
飛機貨(鮮活),小型魚/細魚,,目光魚,Mehikari,Fresh Green Eyes Fish (20~60g),KG,OCT-MAY,
飛機貨(鮮活),小型魚/細魚,,公魚,Wakasaki,Fresh wild Japanese smelt (10g~35g),KG,All,
飛機貨(鮮活),小型魚/細魚,,鮎魚(幼),Chiayu,Fresh Ayu sweetfish (200g/pk),PK,SUMMER,
飛機貨(鮮活),小型魚/細魚,,希靈魚,NISHIN,Fresh Japan Herring (200g~600g),KG,SPRING-SUMMER,
飛機貨(鮮活),小型魚/細魚,,穴子(開邊),ANAGO (HIRAKI),Cut Japanese conger eel (120g～300g),KG,All,
飛機貨(鮮活),小型魚/細魚,,活〆穴子,ANAGO,Japanese conger eel (50g~200g),KG,All,
飛機貨(鮮活),小型魚/細魚,,素白魚,Isaza,Live Ice goby (200g/pk),PK,MARCH-APRIL,
飛機貨(鮮活),小型魚/細魚,,穴子小魚,Sorenore,Fresh Japanese Baby conger eel (200g/pk),PK,JAN-MAR,
飛機貨(鮮活),貝類/軟體海鮮,,錫烏賊,Surumeika,Fresh Wild Japanese Common Squid (800G-1KG),KG,All,
飛機貨(鮮活),貝類/軟體海鮮,,槍烏賊,Yariika,Fresh Wild Spear Squid (300g~500g),KG,All,
飛機貨(鮮活),貝類/軟體海鮮,,障泥烏賊,Aoriika,Fresh Wild Big Fin Reef Squid (1kg~3kg),KG,All,
飛機貨(鮮活),貝類/軟體海鮮,,墨烏賊,Sumiika,Fresh Small cuttlefish (200g~500g),KG,NOV-JUN,
飛機貨(鮮活),貝類/軟體海鮮,,水蛸足,MizuTako Ashi,Fresh Otopus leg (800g~1.3kg),KG,All,
飛機貨(鮮活),貝類/軟體海鮮,,劍先烏賊,Shiro ika,White squid (200~800g),KG,SPRING-AUTUMN,
飛機貨(鮮活),貝類/軟體海鮮,,熟螢烏賊,Hotaruika (Boiru),Boiled Firefly Squid (200g/pk),PK,FEB-MAY,
飛機貨(鮮活),貝類/軟體海鮮,,生螢烏賊,Nama Hotaruika,Fresh Firefly Squid (200g/pk),PK,MARCH-MAY,
飛機貨(鮮活),貝類/軟體海鮮,,帆立貝肉 12玉,Hotate Mukimi 12pc,Fresh Scallop meat (500g/pk),PK,All,
飛機貨(鮮活),貝類/軟體海鮮,,帆立貝肉 15玉,Hotate Mukimi 15pc,Fresh Scallop meat (500g/pk),PK,All,
飛機貨(鮮活),貝類/軟體海鮮,,帆立貝肉 18玉,Hotate Mukimi 18pc,Fresh Scallop meat (500g/pk),PK,All,
飛機貨(鮮活),貝類/軟體海鮮,,帆立貝(殼付),Karatsuki Hotate,Live Scallop With Shell (150-400g),PC,All,
飛機貨(鮮活),貝類/軟體海鮮,,平貝(殼付),Karatsuki Tairagai,Live Japanese Pen Shell (500g~1Kg),PC,All,
飛機貨(鮮活),貝類/軟體海鮮,,(活)牡蠣,Japanese Kaki,Live Oyster (80G- 200g),PC,All,
飛機貨(鮮活),貝類/軟體海鮮,,(活)岩牡蠣,Japanese IwaKaki,Live Rock Oyster (200G- 500g),PC,SUMMER,
飛機貨(鮮活),貝類/軟體海鮮,,生蠔肉,Muki kaki,Oyster Meat (500g),KG,WINTER-SPRING,
飛機貨(鮮活),貝類/軟體海鮮,,小柱(黃),Kobashira(Yellow),Fresh Wild Hen Clam (150g/pk),PK,All,
飛機貨(鮮活),貝類/軟體海鮮,,剝身青柳,Aoyaki Mukimi,Fresh Wild Mactra chinensis meat (100g/pk),PK,All,
飛機貨(鮮活),貝類/軟體海鮮,,青柳 (殼付),Aoyaki with shell,Fresh Mactra chinensis (60g~80g),KG,AUTUMN-SPRING,
飛機貨(鮮活),貝類/軟體海鮮,,蜆,Asari,Live Japanese Short-Neck Clam (20g~30g),KG,All,
飛機貨(鮮活),貝類/軟體海鮮,,大和蜆,YamatoShizimi,Live Japanese Freshwater Clam (5g~10g),KG,All,
飛機貨(鮮活),貝類/軟體海鮮,,大蛤,Hamaguri,Live Japanese Hard Clam (40g~120g),KG,All,
飛機貨(鮮活),貝類/軟體海鮮,,地蛤,JI-Hamaguri,Live Japanese Hard Clam (60g~150g),KG,All,
飛機貨(鮮活),貝類/軟體海鮮,,粒貝,Tsubugai,Live boiled spiral shellfish (200g~600g),KG,All,
飛機貨(鮮活),貝類/軟體海鮮,,赤貝(中國),Akagai (China),Fresh Ark Shell Clam (130~160g),KG,All,
飛機貨(鮮活),貝類/軟體海鮮,,赤貝(日本),Akagai (Japan),Fresh Ark Shell Clam (120~180g),KG,All,
飛機貨(鮮活),貝類/軟體海鮮,,北寄貝(殼付),Karatsuki Hokkigai,Live Surf Clam With Shell (250g~500g),KG,All,
飛機貨(鮮活),貝類/軟體海鮮,,白象拔蚌(殼付),Shio Mirugai,Live Japanese White Geoduck (300g~500g),KG,All,
飛機貨(鮮活),貝類/軟體海鮮,,本象拔蚌(殼付),Hon mirugai,Live Japanese Geoduck (400g~650g),KG,All,
飛機貨(鮮活),貝類/軟體海鮮,,白貝(殼付),Shirogai,Fresh Northern great tellin (40g~60g),KG,SPRING-SUMMER,
飛機貨(鮮活),貝類/軟體海鮮,,白梅貝(殼付),Shiro Baigai,Fresh white Areola Babylon (20g~50g),KG,All,
飛機貨(鮮活),貝類/軟體海鮮,,黑梅貝(殼付),Kuro Baigai,Fresh black Areola Babylon (30g~50g),KG,All,
飛機貨(鮮活),貝類/軟體海鮮,,亀の手(殼付),Kamenote,Fresh Japanese Goose barnacles (60g~120g),KG,FEB-AUGUST,
飛機貨(鮮活),貝類/軟體海鮮,,馬蹄螺(殼付),Shittaka gai,Fresh Trochus snail (30g~50g),KG,APRIL-SEP,
飛機貨(鮮活),貝類/軟體海鮮,,內ムラメムラメ貝(殼付),Uchimurasaki gai,Fresh Purple butter clam (150g~250g),KG,MARCH-DEC,
飛機貨(鮮活),貝類/軟體海鮮,,烏貝(殼付),Torigai,Fresh Japanese Cockle (80g~150g),KG,FEB-JUNE,
飛機貨(鮮活),貝類/軟體海鮮,,石垣貝(殼付),Ishigaki gai,Fresh Japanese Bering Sea cockle (50g~80g),KG,JULY-OCT,
飛機貨(鮮活),貝類/軟體海鮮,,姬榮螺(殼付),Himesazae,Fresh Horned Turban SMALL (40g~60g),KG,MARCH-JUNE,
飛機貨(鮮活),貝類/軟體海鮮,,榮螺(殼付),Sazae,Fresh Japanese Horned Turban (100g~400g),KG,All,
飛機貨(鮮活),貝類/軟體海鮮,,檜扇貝(殼付),Hiougi gai,Fresh Noble scallop (90g~130g),PC,NOV-MAY,
飛機貨(鮮活),貝類/軟體海鮮,,大溝貝,Oomizo kai,Fresh Razor clam (70g~150g),KG,WINTER-SPRING,
飛機貨(鮮活),貝類/軟體海鮮,,(活)黑鮑魚,Kuro Awabi,Live Japanese Disk Abalone (200g~500g),KG,All,
飛機貨(鮮活),貝類/軟體海鮮,,(活)赤鮑魚,Aka Awabi,Live Japanese Ruber Abalone (200g~490g),KG,All,
飛機貨(鮮活),貝類/軟體海鮮,,(活)蝦夷鮑魚,EzoAwabi,Live Japanese Disk Abalone Small (100~150g),KG,All,
飛機貨(鮮活),貝類/軟體海鮮,,韓國鮑,Kankoku Awabi,Live Korean Abalone (100～110ｇ),KG,All,
飛機貨(鮮活),蝦蟹類,,(活)牡丹蝦,Botan Ebi,Live Japanese Botan shrimp (30g~50g),KG,All,
飛機貨(鮮活),蝦蟹類,,(活)縞蝦,Shima ebi,Fresh morotoge shrimp (16g~40g),KG,All,
飛機貨(鮮活),蝦蟹類,,(活)車海老,Kuruma Ebi,Live Japanese Tiger Prawn (20g~45g),KG,All,
飛機貨(鮮活),蝦蟹類,,(活)伊勢海老,IseEbi,Live Japanese Spiny Lobster (250g~800g),KG,All,
飛機貨(鮮活),蝦蟹類,,赤座海老,Akazaebi,Live Japanese langoustine (100g~130g),KG,All,
飛機貨(鮮活),蝦蟹類,,葡萄海老,Budouebi,Fresh Hokkaido Pandalus (50g~80g),KG,SPRING-SUMMER,
飛機貨(鮮活),蝦蟹類,,白海老肉,Muki Shiroebi,Fresh small Wihte shrimp w/ no shell (200g~300/pk),PK,All,
飛機貨(鮮活),蝦蟹類,,生櫻花蝦,Namarei sakuraebi,Fresh Sakura shrimp (500g/pk),PK,APRIL-JUNE,
飛機貨(鮮活),蝦蟹類,,有殻白蝦,Karatsuki shiroebi,Fresh small Wihte shrimp w/ shell (200g/ 500g),PK,SUMMER-AUTUMN,
飛機貨(鮮活),蝦蟹類,,冷凍芝蝦 (剝身),Shibaebi (Muki),Frozen Shiba shrimp (500 g/pk),PK,All,
飛機貨(鮮活),蝦蟹類,,瀬尿蝦 (PK),Shako(Chilled),Chilled Mantis Shrimp (300g~500g/pk),PK,SUMMER-AUTUMN,
飛機貨(鮮活),蝦蟹類,,(活)松葉蟹,Zuwaigani,Live Queen crab (600g~1.2KG),KG,WINTER-SPRING,
飛機貨(鮮活),蝦蟹類,,花咲蟹,Hanasakigani,Fresh brown king crab (600g~1KG),KG,SUMMER,
飛機貨(鮮活),蝦蟹類,,毛蟹,Kegani,Fresh Hairy Crab (400ｇ～1KG),KG,All,
飛機貨(鮮活),蝦蟹類,,(活)香箱蟹,Seikogani,Live Fresh Kobako crab (100g~200g),PC,WINTER-SPRING,
飛機貨(鮮活),蝦蟹類,,拆肉香箱蟹,Muki Seikogani,Kobako crab Meat w/ shell boiled (100g~200g),PC,WINTER-SPRING,
飛機貨(鮮活),蝦蟹類,,栗蟹,Kurigani,Fresh Helmet crab (300g~800g),KG,APRIL-JUNE,
飛機貨(鮮活),蝦蟹類,,渡蟹,Watarigani,Fresh Swimming crabs (500g~600g),KG,MAY-JAN,
飛機貨(鮮活),蝦蟹類,,(活)沢蟹,Japanese Zawagani,Live Japanese Zawagani (100g/pk),PK,MID MAR-NOV,
飛機貨(鮮活),蝦蟹類,,蟹棒,Kani Bou,Queen crab leg meat (350g~400g),PK,All,
飛機貨(鮮活),蝦蟹類,,松葉蟹肉碎,Zuwai gani meat,Fresh Queen crab meat (200g),PK,All,
飛機貨(鮮活),海膽/魚卵/肝,,海膽 (並排／亂排),Uni(Narabi/Bara),Japanese sea urchin (250G~400g),PK,All,
飛機貨(鮮活),海膽/魚卵/肝,,塩水海膽,Kaisui uni,Japanese urchin In sea water (100g),PK,All,
飛機貨(鮮活),海膽/魚卵/肝,,(活)原隻海膽,Karatsuki Bafu Uni,Live Japanese Sea Urchin With Shell (30g~35g),PC,MAY-AUGUST,
飛機貨(鮮活),海膽/魚卵/肝,,白子,SHIRAKO,Fresh Japanese COD sperm (500g/pk),PK,WINTER,
飛機貨(鮮活),海膽/魚卵/肝,,鯛白子,Tai shirako,Fresh Japanese sea bream sperm (500g/pk),PK,MARCH-MAY,
飛機貨(鮮活),海膽/魚卵/肝,,生筋子,Sujiko,Fresh salmon roe (150g~180g),KG,AUG-DEC,
飛機貨(鮮活),海膽/魚卵/肝,,烏魚籽,Borako,Fresh Mullet Roe (200~250g),KG,NOV-DEC,
飛機貨(鮮活),海膽/魚卵/肝,,数之子,Kazunoko,Fresh Herring Roe (500g~1KG),PK,SEASONAL,
飛機貨(鮮活),海膽/魚卵/肝,,赤海參,Akanomako,Fresh Red sea cucumbers (150g~400g),KG,NOV-MARCH,
飛機貨(鮮活),海膽/魚卵/肝,,魚子醤,Kyabia,Caviar in can (30g/50g/100g),CAN,All,
飛機貨(鮮活),海膽/魚卵/肝,,鮟肝 (中國),ANKIMO(CHINESE),Fresh Chinese Anglerfish LIVER (500g up),KG,WINTER-SPRING,
飛機貨(鮮活),海膽/魚卵/肝,,鮟肝 (日本),ANKIMO,Fresh Japanese Anglerfish LIVER (500g up),KG,AUTUMN-SPRING,
飛機貨(鮮活),海膽/魚卵/肝,,鮑肝,Awabi kimo,FrozenAbalone liver (1kg/pk),PK,All,
飛機貨(鮮活),加工/其他,,冷凍切骨門鱔,Homo (honekira),Boneless blotched snakehead (500g/pk),PK,All,
飛機貨(鮮活),加工/其他,,煮八爪足,Takonoyawarakani,Slow cooked Octopus Leg (600~750g),PK,All,
飛機貨(鮮活),加工/其他,,海雲 (粗/幼),Mozuku,Small Thin marine alga (500g/1kg),PK,All,
飛機貨(鮮活),加工/其他,,子持昆布,Komochi Konbu,Fresh herring spawn on kelp,KG,SUMMER-AUTUMN,
飛機貨(鮮活),加工/其他,,生紫菜,Nama nori,Fresh Seaweed (100g),PK,All,
飛機貨(鮮活),加工/其他,,絹豆腐,Kinu tofu,Silk Tofu (200g),PK,All,
飛機貨(鮮活),加工/其他,,高野豆腐,Kouya tofu,Freeze-dried tofu (200g),PK,All,
飛機貨(鮮活),加工/其他,,厚揚 (AIR),Atsuage,Fried tofu in pack (1-6pc),PK,All,
飛機貨(鮮活),加工/其他,,海膽豆腐,Uni tofu,Sea Urchin Tofu (200g),PK,All,
飛機貨(鮮活),加工/其他,,蟹味噌豆腐,Gani miso tofu,Crab Miso Tofu (200g),PK,All,
飛機貨(鮮活),加工/其他,,刺身湯葉,Yuba toro,Fresh Yuba (300g),PK,All,
飛機貨(鮮活),加工/其他,,板湯葉,Itayuba,Yuba in sheet (100g),PK,All,
飛機貨(鮮活),加工/其他,,新鮮海草,Nama wakame,Fresh Wakame (500g~1KG),KG,All,
飛機貨(鮮活),加工/其他,,鮮雞冠草,Nama Tosaka,Fresh Tosaka MIX (500ｇ/pc),PK,All,
飛機貨(鮮活),加工/其他,,海葡萄,Umi budou,Fresh Sea Grape (100g/pk),PK,SUMMER-AUTUMN,
飛機貨(鮮活),加工/其他,,鯛魚酒盗,Tai shuto,Pickled salted sea Bream (500g/pk),BTL,All,
飛機貨(鮮活),加工/其他,,呑拿魚酒盗,Maguro shuto,Pickled salted tuna (250g~380g),BTL,All,
飛機貨(鮮活),加工/其他,,鱈魚塩辛,Chanja,Pickled salted COD fish guts (500g),BTL,All,
飛機貨(鮮活),加工/其他,,鮎塩辛,Ayu Uruka,Pickled salted Ayu sweetfish guts (50g~80g),BTL,SUMMER,
飛機貨(鮮活),加工/其他,,白板昆布,Hattera,Dried White Konbu (100PC/PK),PK,All,
飛機貨(鮮活),加工/其他,,岩塩板,Ganen plate,Japanese Pink salt plate (400g~800g),PC,All,
飛機貨(鮮活),加工/其他,,酢味噌,Sumiso,Mustard sour Miso paste (1kg/pc),PK,All,
飛機貨(鮮活),加工/其他,,味付鰻魚骨 (小吃),Tsuke Unagi Hone,Flavored fried eel bone snack (500g/pk),PK,All,
飛機貨(鮮活),加工/其他,,青桔JELLY,Kabosu Jelly,Kabosu Fruits Jelly,PK,All,
飛機貨(鮮活),加工/其他,,酢橘JELLY,Sudachi Jelly,Citrus Sudachi Jelly,PK,All,
飛機貨(鮮活),加工/其他,,最中皮,Monaka,Japanese Wagashi Monaka shell (100pc/box),BOX,All,
飛機貨(鮮活),野菜/果物,,日本大葉,Ohba,Japanese Shiso (50g / pk),PK,All,
飛機貨(鮮活),野菜/果物,,本地大葉,Ohba,Local Shiso (50g / pk),PK,All,
飛機貨(鮮活),野菜/果物,,花穗,Hanahojiso,Japanese Hanahojiso (50g / pk),PK,All,
飛機貨(鮮活),野菜/果物,,食用花,Edible flower,Japanese Edible Flower (30g/pk),PK,All,
飛機貨(鮮活),野菜/果物,,三葉,Mitsuba,Japanese Hornwort (50g / pk),PK,All,
飛機貨(鮮活),野菜/果物,,水菜,Mizuna,Japanese Potherb Mustard (100g / pk),PK,All,
飛機貨(鮮活),野菜/果物,,四季紅,Benitade,Japanese Benitade (50g / pk),PK,All,
飛機貨(鮮活),野菜/果物,,水晶菜,Barafu,Japanese Barafu (100g / pk),PK,All,
飛機貨(鮮活),野菜/果物,,紅楓葉/ 青楓葉,AKA/AO Momiji,Japanese Red Momiji (50g / pk),PK,All,
飛機貨(鮮活),野菜/果物,,板本菊,Sakamotogiku,Japanese Edible Chrysanthemum (80g / pk),PK,All,
飛機貨(鮮活),野菜/果物,,小菊,Kogiku,Japanese Mini Edible Chrysanthemum (50g / pk),PK,All,
飛機貨(鮮活),野菜/果物,,金魚草,Kingyoso,Japanese Antirrhinum Majus (30g / pk),PK,All,
飛機貨(鮮活),野菜/果物,,木之芽,Kinome,Japanese Kinome (50g / pk),PK,All,
飛機貨(鮮活),野菜/果物,,紫芽,Murame,Purple Shiso bud (50g/pk),PK,SPRING-AUTUMN,
飛機貨(鮮活),野菜/果物,,黃柚子/青柚子,Yellow/Green Yuzu,Japanese Yuzu (20~30G/pc),PC,All,
飛機貨(鮮活),野菜/果物,,青檸,Sudachi,Japanese Sudachi (10g / pc),PK,All,
飛機貨(鮮活),野菜/果物,,松葉(針),Matsuba,Japanese Matsuba (80g / pk),PK,SPRING-AUTUMN,
飛機貨(鮮活),野菜/果物,,松柏/檜葉,Hiba,Japanese Matsuba (200g / pk),PK,All,
飛機貨(鮮活),野菜/果物,,青南天,Ao Nanntenn,Japanese Green Nanntenn (50g / pk),PK,All,
飛機貨(鮮活),野菜/果物,,赤南天,Aka Nanntenn,Japanese Red Nanntenn (50g / pk),PK,WINTER-SPRING,
飛機貨(鮮活),野菜/果物,,明日葉,Asita No Ha,Japanese Asita No Ha (50g / pk),PK,All,
飛機貨(鮮活),野菜/果物,,立桂,Tachikatsura,Japanese Tachitade (50g / pk),PK,All,
飛機貨(鮮活),野菜/果物,,白粟米,White Corn,Japanese White Corn (0.4kg / pc),PC,SUMMER,
飛機貨(鮮活),野菜/果物,,胡蔥/浅葱,Asatsuki,Japanese Shantou (50g / pk),PK,All,
飛機貨(鮮活),野菜/果物,,小笹／迷你竹葉,Ozasa,Japanese Edazasa (50g / pk),PK,All,
飛機貨(鮮活),野菜/果物,,防風,Boufu,Japanese Boufu (50g / pk),PK,All,
飛機貨(鮮活),野菜/果物,,新鮮芥辣根,Nama Wasabi,Japanese Fresh Wasabi (80g~120g/pc),PC,All,
飛機貨(鮮活),野菜/果物,,小玫瑰,Rose,Japanese Rose (50g / pk),PK,All,
飛機貨(鮮活),野菜/果物,,丸茄子,Marunasu,Japanese Round Egg Plant (180g~220g),PC,All,
飛機貨(鮮活),野菜/果物,,長茄子,Naganasu,Japanese Long Egg Plant (80g~120g),KG,All,
飛機貨(鮮活),野菜/果物,,水茄子,Mizunasu,Japanese America Egg Plant (100g / pc),PC,All,
飛機貨(鮮活),野菜/果物,,千兩茄子,Senryo Nasu,Japanese Senryo Egg Plant (70g~100g),KG,All,
飛機貨(鮮活),野菜/果物,,小茄子,Konasu,Japanese Little Egg Plant (25pc~30pc),PK,All,
飛機貨(鮮活),野菜/果物,,日本蕃茄,Tomato,Japanese Tomato (15g~20g),PC,All,
飛機貨(鮮活),野菜/果物,,果蕃茄,Fruit Tomato,Japanese Fruit Tomato (12~18pc / pk),BOX,All,
飛機貨(鮮活),野菜/果物,,迷你蕃茄,Mini Tomato,Japanese Mini Tomato (20pc~25pc /pk),PK,All,
飛機貨(鮮活),野菜/果物,,米高蕃茄,Micro Tomato,Micro Tomato (200g/pk),PK,All,
飛機貨(鮮活),野菜/果物,,日本青瓜,Kyuri,Japanese Cucumber (100g~150g),KG,All,
飛機貨(鮮活),野菜/果物,,苦瓜,GOYA,Japanese Balsam pear (100g~150g),PC,All,
飛機貨(鮮活),野菜/果物,,南瓜,Kabocha,Japanese Pumpkin (1.5kg~2kg),PC,All,
飛機貨(鮮活),野菜/果物,,洋蔥,Tamanegi,Japanese Onion (200g~350g),KG,All,
飛機貨(鮮活),野菜/果物,,紅洋蔥,Aka Tamanegi,Japanese Red Onion (150g~250g),KG,All,
飛機貨(鮮活),野菜/果物,,蒜頭,Ninniku,Japanese Garlic (1kg / pk),KG,All,
飛機貨(鮮活),野菜/果物,,長蔥,Naga Negi,Japanese Weish Onion (3pc / pk),KG,All,
飛機貨(鮮活),野菜/果物,,下仁田蔥,Shimonita Negi,Japanese Weish Onion (100~200g),KG,All,
飛機貨(鮮活),野菜/果物,,九條蔥,Kujko Negi,Japanese Spring Onion (100g / pk),PK,All,
飛機貨(鮮活),野菜/果物,,万能蔥,Bannou Negi,Japanese Spring Onion (100g / pk),PK,All,
飛機貨(鮮活),野菜/果物,,芽蔥,Menegi,Japanese Mini Chive (50g / pk),PK,All,
飛機貨(鮮活),野菜/果物,,包菜,LETTAUCE,Japanese Lettuce (600g~800g),PC,All,
飛機貨(鮮活),野菜/果物,,椰菜,Kyapetsu,Japanese Cabbage (600g~800g),PC,All,
飛機貨(鮮活),野菜/果物,,紅椰菜,Aka Kyapetsu,Japanese Red Cabbage (600g~800g),PC,All,
飛機貨(鮮活),野菜/果物,,春菊,Shun giku,Garland Chrysanthemum (100g/pk),PK,All,
飛機貨(鮮活),野菜/果物,,生薑,Shouga,Fresh Ginger (100~300g/pc),KG,All,
飛機貨(鮮活),野菜/果物,,日本蘿蔔,Daikon,Japanese Radish (1.2kg~1.5kg),PC,All,
飛機貨(鮮活),野菜/果物,,紅芯蘿蔔,Koshindaikon,Japanese Red Radish (300g~600g),PC,All,
飛機貨(鮮活),野菜/果物,,蕪菁 (1束3PC),Kabu,Japanese Turnip 3PC/Buddle,Buddle,All,
飛機貨(鮮活),野菜/果物,,蕪菁 (1束5PC),Kabu,Japanese Turnip 5PC/Buddle,Buddle,All,
飛機貨(鮮活),野菜/果物,,甘荀,Ninjin,Japanese Carrot (250g~300g),KG,All,
飛機貨(鮮活),野菜/果物,,金時人參,Kintokininjin,Japanese Kyoto Carrot (200g~250g),PC,WINTER-SPRING,
飛機貨(鮮活),野菜/果物,,牛蒡,Kobou,Japanese Edible Burdock (200g~400g),KG,All,
飛機貨(鮮活),野菜/果物,,蕃薯,Satsumaimo,Japanese Sweet Potato (300g~350g),KG,All,
飛機貨(鮮活),野菜/果物,,大和芋,Yamaimo,Japanese Yam (0.8kg~1kg),KG,All,
飛機貨(鮮活),野菜/果物,,長芋,Nagaimo,Japanese Chinese Yam (2kg~2.5kg),KG,All,
飛機貨(鮮活),野菜/果物,,馬鈴薯,Jagaimo,Japanese Potato (15g~20g),KG,All,
飛機貨(鮮活),野菜/果物,,蓮藕,Renkon,Japanese Lotus Root (800g~1kg),KG,All,
飛機貨(鮮活),野菜/果物,,日產竹筍,Japan Takenoko,Japanese Bamboo Shoots (200g/PC),KG,JAN-MAY,
飛機貨(鮮活),野菜/果物,,青椒仔,Shishitou,Japanese Green Pepper Short (30pc / pk),PK,All,
飛機貨(鮮活),野菜/果物,,青圓椒,Piman,Sweet Bell pepper (4~5pc/pk),PK,All,
飛機貨(鮮活),野菜/果物,,万願寺唐辛子,Manganji Tougarashi,Japanese Green Pepper Long (5-60g),KG,All,
飛機貨(鮮活),野菜/果物,,空豆,Soramame,Japanese Broad Bean,KG,SPRING-SUMMER,
飛機貨(鮮活),野菜/果物,,貝割,Kaiware,Japanese Sprouts (50g / pk),PK,All,
飛機貨(鮮活),野菜/果物,,銀杏 (殼付),GINNAN,Japanese GINNAN (500/pk),PK,AUG-FEB,
飛機貨(鮮活),野菜/果物,,菠菜,Hourenso,Japanese Spinach (150g / pk),PK,All,
飛機貨(鮮活),野菜/果物,,小松菜,Komatsuna,Japanese Saltgreen (150g / pk),PK,All,
飛機貨(鮮活),野菜/果物,,冬菇,Shiitake,Japanese Mushroom (6~8pc / pk),PK,All,
飛機貨(鮮活),野菜/果物,,本占地,Honshimeji,Japanese Mini Mushroom (100g / pk),PK,All,
飛機貨(鮮活),野菜/果物,,白本占地,White Shimeji,Japanese Mini White Mushroom (100g / pk),PK,All,
飛機貨(鮮活),野菜/果物,,金菇,Enokitake,Japanese Golden mushroom (100g / pk),PK,All,
飛機貨(鮮活),野菜/果物,,黃金菇,Yellow Enoki,Japanese Golden Velvet-Stemmed Araric (100g / pk),PK,SUMMER,
飛機貨(鮮活),野菜/果物,,直菇,Eringi,Japanese King Trumpet Mushroom (100g / pk),PK,SPRING-SUMMER,
飛機貨(鮮活),野菜/果物,,舞茸,Maitake,Japanese Hen Of The Woods (100g / pk),PK,All,
飛機貨(鮮活),野菜/果物,,白舞茸,Shiro Maitake,Japanese White Hen Of The Woods (100g / pk),PK,All,
飛機貨(鮮活),野菜/果物,,獨活,Yama Udo,Doubleteeth Angelicae Root,PC,NOV-MAY,
飛機貨(鮮活),野菜/果物,,楤木芽,Taranome,Taranome (100g/pk),PK,DEC-JUN,
飛機貨(鮮活),野菜/果物,,露筍（緑色）PK,Asuparagasu,Asparagus Green (3pc/pk),PK,All,
飛機貨(鮮活),野菜/果物,,日本蒜葉,Gyojya Ninniku,Japanese Ainu Negi (100g/pk),PK,SPRING,
飛機貨(鮮活),野菜/果物,,蕨菜,Warabi,Wild brake (Box),BOX,Feb-JUNE,
飛機貨(鮮活),野菜/果物,,草蘇鐵,Kogomi,Sago palm Leaf (100g/pk),PK,Feb-JUNE,
飛機貨(鮮活),野菜/果物,,平茸,Hirakake,Oyster Mushroom (100g/pk),PK,OCT-APRIL,
飛機貨(鮮活),野菜/果物,,蓴菜 (支装),Junsai,Watershield Leaf (Btl),BTL,APRIL-DEC,
乾貨/調味,漬物,20030033,東海沢庵(L),TAKUAN,Radish pickle (~450g),PK,Source: Dry List,
乾貨/調味,漬物,20030023,千本漬,SENBONZUKE,Radish pickle (~160g),PK,Source: Dry List,
乾貨/調味,漬物,20030056,甘酢姜,,Sushi ginger (1.5kg),PK,Source: Dry List,
乾貨/調味,漬物,20030056,寿司姜（粉紅）,,Sushi ginger pink (1.5kg),PK,Source: Dry List,
乾貨/調味,漬物,20030025,芝漬／柴漬,SHIBAZUKE,Red shiso pickle (2kg),PK,Source: Dry List,
乾貨/調味,漬物,20030016,青瓜漬,,Cucumber pickle (2kg),PK,Source: Dry List,
乾貨/調味,漬物,20030038,柚子大根漬,,Yuzu radish pickle (1kg),PK,Source: Dry List,
乾貨/調味,漬物,20030028,高菜漬,TAKANAZUKE,Leaf mustard pickle (1kg),PK,Source: Dry List,
乾貨/調味,漬物,20030014,黃蘿蔔漬 (切碎),KIZAMITAKUANZUKE,Radish pickle cut (1kg),PK,Source: Dry List,
乾貨/調味,漬物,40070059,山葵醤油漬（金印）,,Wasabi pickle w/ soy sauce (250g),PK,Source: Dry List,
乾貨/調味,漬物,20030020,白菜淺漬,HAKUSAIASAZUKE,Chinese cabbage light pickle (1kg),PK,Source: Dry List,
乾貨/調味,漬物,20030003,甜酸喬頭漬,AMARAKKYOU,Sweet and sour shallot pickle (1kg),PK,Source: Dry List,
乾貨/調味,漬物,20030072,味噌木魚粉蒜肉,MISO KATSUO NINNIKU,Garlic pickle in miso/bonito flakes (1kg),PK,Source: Dry List,
乾貨/調味,漬物,20030042,山葵漬 (金印),,Wasabi pickle (250g),PK,Source: Dry List,
乾貨/調味,漬物,20030001,紅蕪漬,AKAKABUZUKE,Red turnip pickle (500g),PK,Source: Dry List,
乾貨/調味,漬物,20030041,長芋山葵漬,NAGAIMOWASABIZUKE,Chinese yam & wasabi pickle (500g),PK,Source: Dry List,
乾貨/調味,漬物,20030051,沙律薑,,Salad ginger (1kg),PK,Source: Dry List,
乾貨/調味,漬物,20030040,牛蒡醬油漬,GOBOSHOYUZUKE,Burdock pickle (1kg),PK,Source: Dry List,
乾貨/調味,漬物,20030037,紅酒蕎頭漬,WAINRAKKYOU,Wine shallot pickle (500g),PK,Source: Dry List,
乾貨/調味,漬物,20030018,味噌木魚粉蒜肉漬,NINNIKUMORIMORIZUKE,Garlic soy sauce pickle (1kg),PK,Source: Dry List,
乾貨/調味,漬物,20030005,皮付甜蘿蔔漬,BETTARAZUKE,White radish pickle in malted rice (1kg),PK,Source: Dry List,
急凍/冷藏,肉類,30030012,長州鶏皮,KAWA,Chicken Skin (2kg),PK,Source: Dry List,
急凍/冷藏,肉類,30030014,長州鶏胸,MUNE,Chicken Chest (2kg),PK,Source: Dry List,
急凍/冷藏,肉類,30030010,長州鶏肝,KIMO,Chicken Liver (2kg),PK,Source: Dry List,
急凍/冷藏,肉類,30030007,長州鶏心,HATSU,Chicken Heart (2kg),PK,Source: Dry List,
急凍/冷藏,肉類,30030017,長州鶏槌,TEBAMOTO,Chicken Wing stick (2kg),PK,Source: Dry List,
急凍/冷藏,肉類,30030016,長州鶏腎,SUNAGIMO,Chicken Gizzard (2kg),PK,Source: Dry List,
急凍/冷藏,肉類,30030015,長州鶏柳,SASAMI,Chicken Fillet (2kg),PK,Source: Dry List,
急凍/冷藏,肉類,30030018,長州鶏翼,TEBASAKI,Chicken Wing (2kg),PK,Source: Dry List,
急凍/冷藏,肉類,30030011,長州鶏頸肉,SESERI,Chicken Neck meat (2kg),PK,Source: Dry List,
急凍/冷藏,肉類,30030013,長州鶏腿肉,MOMO,Chicken Thigh (2kg),PK,Source: Dry List,
急凍/冷藏,肉類,,鶏堤燈 (連腸),,Chicken Chochin (2kg),PK,Source: Dry List,
急凍/冷藏,肉類,30030006,長州鶏尾,BONJIRI,Chicken Tail (2kg),PK,Source: Dry List,
急凍/冷藏,肉類,30050017,粗挽香腸 (~20pc),,Miyazaki coarsely ground sausage (~500g),PK,Source: Dry List,
急凍/冷藏,肉類,30020001,北海道豬腩,,Miyazaki pork belly (4~6kg),KG,Source: Dry List,
急凍/冷藏,肉類,30020002,北海道豬扒,,Miyazaki pork striploin (4~5kg),KG,Source: Dry List,
急凍/冷藏,蛋奶類,30040004,白蛋（Ｍ）,,White egg (10pc/pk),PK,Source: Dry List,
急凍/冷藏,蛋奶類,30040004,白蛋（L）,,White egg (10pc/pk),PK,Source: Dry List,
急凍/冷藏,蛋奶類,30040002,太陽蛋,,TAIYOU EGG (10pc/pk),PK,Source: Dry List,
急凍/冷藏,蛋奶類,30040014,溫泉蛋,,Hot spring egg (180pc),PK,Source: Dry List,
急凍/冷藏,蛋奶類,30050004,寿司蛋,,Cooked sushi egg block (500g),PK,Source: Dry List,
急凍/冷藏,蛋奶類,30050006,有塩牛油,,Salted butter (225g),PK,Source: Dry List,
急凍/冷藏,蛋奶類,30040001,北海道3.6牛乳,,Hokkaido milk (1L),PK,Source: Dry List,
急凍/冷藏,海產(蝦蟹),40030001,甜蝦2L (50-70pc),,Sweet shrimp 2L (1kg),PK,Source: Dry List,
急凍/冷藏,海產(蝦蟹),40030002,甜蝦3L (40-50pc),,Sweet shrimp 3L (1kg),PK,Source: Dry List,
急凍/冷藏,海產(蝦蟹),40030002,甜蝦4L (40-50pc),,Sweet shrimp 4L (1kg),PK,Source: Dry List,
急凍/冷藏,海產(蝦蟹),40030025,無頭去殼甜蝦,,Sweet shrimp w/o head (50pc),PK,Source: Dry List,
急凍/冷藏,海產(蝦蟹),40030009,牡丹蝦L (25-29pc),,Botan shrimp L (1kg),PK,Source: Dry List,
急凍/冷藏,海產(蝦蟹),40030010,牡丹蝦XL (20-24pc),,Botan shrimp XL (1kg),PK,Source: Dry List,
急凍/冷藏,海產(蝦蟹),40030013,牡丹蝦J (15-19pc),,Botan shrimp J (1kg),PK,Source: Dry List,
急凍/冷藏,海產(蝦蟹),40030012,牡丹蝦XJ (10-14pc),,Botan shrimp XJ (1kg),PK,Source: Dry List,
急凍/冷藏,海產(蝦蟹),40030014,俄羅斯牡丹蝦 (8~10pc),,Botan shrimp Russia (500G),PK,Source: Dry List,
急凍/冷藏,海產(蝦蟹),40070052,黄糠麵包炸虎蝦（10pc）,,Fried tiger shrimp w/yellow crumb (250g),PK,Source: Dry List,
急凍/冷藏,海產(蝦蟹),40030028,天婦羅蝦（21-25pc）,,Tenpura shrimp (21-25pc),PK,Source: Dry List,
急凍/冷藏,海產(蝦蟹),40030027,天婦羅蝦（16-20pc）,,Tenpura shrimp (16-20pc),PK,Source: Dry List,
急凍/冷藏,海產(蝦蟹),40030006,去頭虎蝦（16-20pc）,,Headless black tiger shrimp (1.8kg),PK,Source: Dry List,
急凍/冷藏,海產(蝦蟹),40030018,大崎蟹柳,KANI KAMABOKO,Imitation crab meat stick (500g),PK,Source: Dry List,
急凍/冷藏,海產(蝦蟹),40030032,軟殼蟹,,Soft shell crab (1kg),PK,Source: Dry List,
急凍/冷藏,海產(蝦蟹),40030125,松葉蟹肉碎,,Zuwai crab meat flake (300g),PK,Source: Dry List,
急凍/冷藏,海產(蝦蟹),40030075,急凍松葉蟹肉混合裝,,Zuwai crab mix flake (1kg),PK,Source: Dry List,
急凍/冷藏,海產(蝦蟹),40030041,熟鱈場蟹腳5L,,King crab leg w/ shoulder (1~1.2kg),PK,Source: Dry List,
急凍/冷藏,海產(蝦蟹),40030041,熟鱈場蟹腳4L,,Boiled King crab leg w/ shoulder (1kg),PK,Source: Dry List,
急凍/冷藏,海產(蝦蟹),40030142,松葉蟹鉗 (26~30pc),,Zuwai crab claw (1kg),PK,Source: Dry List,
急凍/冷藏,海產(蝦蟹),40030020,松葉蟹棒肉 2L (40-50pc),,Zuwai crab meat stick 2L (1kg),PK,Source: Dry List,
急凍/冷藏,海產(帶子/貝),40020006,刺身帶子肉2S (36-40pc),,Scallop meat 2S (1kg),PK,Source: Dry List,
急凍/冷藏,海產(帶子/貝),40020005,刺身帶子肉S (31-35pc),,Scallop meat S (1kg),PK,Source: Dry List,
急凍/冷藏,海產(帶子/貝),40020004,刺身帶子肉M (26-30pc),,Scallop meat M (1kg),PK,Source: Dry List,
急凍/冷藏,海產(帶子/貝),40020003,刺身帶子肉L (21-25pc),,Scallop meat L (1kg),PK,Source: Dry List,
急凍/冷藏,海產(帶子/貝),40020002,刺身帶子肉2L (16-20pc),,Scallop meat 2L (1kg),PK,Source: Dry List,
急凍/冷藏,海產(帶子/貝),40020011,北寄貝片,,Surf clam slice (30pc),PK,Source: Dry List,
急凍/冷藏,海產(帶子/貝),40020009,北寄貝L,,Surf clam L (1kg),PK,Source: Dry List,
急凍/冷藏,海產(魚/魚子),40040008,橙色飛魚子,,Flying fish roe orange (500g),PK,Source: Dry List,
急凍/冷藏,海產(魚/魚子),40040024,金色飛魚子,,Flying fish roe gold (500g),PK,Source: Dry List,
急凍/冷藏,海產(魚/魚子),,黑色飛魚子,,Flying fish roe black (1kg),PK,Source: Dry List,
急凍/冷藏,海產(魚/魚子),40040025,芥辣飛魚子,,Flying fish roe wasabi (500g),PK,Source: Dry List,
急凍/冷藏,海產(魚/魚子),40040002,三文魚籽醬油漬,,Salmon roe soy sauce (500g),PK,Source: Dry List,
急凍/冷藏,海產(魚/魚子),40040001,三文魚籽（三特）,,Salmon roe premium (1kg),PK,Source: Dry List,
急凍/冷藏,海產(魚/魚子),10010038,目撥呑拿赤身,BACHI MAGURO AKAMI,Bigeye tuna red meat,KG,Source: Dry List,
急凍/冷藏,海產(魚/魚子),10010006,吞拿魚赤身,HON MAGURO AKAMI,Tuna red meat,KG,Source: Dry List,
急凍/冷藏,海產(魚/魚子),10010007,吞拿魚大拖羅,HON MAGURO O TORO,Tuna belly,KG,Source: Dry List,
急凍/冷藏,海產(魚/魚子),10010046,吞拿魚腩碎,NEGI TORO,Tuna minced with spring onion (500g),PK,Source: Dry List,
急凍/冷藏,海產(魚/魚子),40010023,多春魚,,Smelt,PK,Source: Dry List,
急凍/冷藏,海產(魚/魚子),40010062,銀魚 (白色、濕身),SHIRASU,Sliver fish (50g),PK,Source: Dry List,
急凍/冷藏,海產(魚/魚子),40010084,希靈魚片,NISHIN,Herring fillet (170g),PK,Source: Dry List,
急凍/冷藏,海產(魚/魚子),40010015,沙鎚開邊,KISU,Sillago cut open (25pc),PK,Source: Dry List,
急凍/冷藏,海產(魚/魚子),40010019,煮穴子 ５本,NI ANAGO,Conger eel cooked (250g),PK,Source: Dry List,
急凍/冷藏,海產(魚/魚子),40010013,炭焼鰹魚,KATSUO TATAKI,Roasted bonito (300~500g),PK,Source: Dry List,
急凍/冷藏,海產(魚/魚子),40010025,魚肉生身,SURIMI,Ground fish paste (500g),PK,Source: Dry List,
急凍/冷藏,海產(魚/魚子),40010058,油甘魚骹,HAMACHI KAMA,Young yellowtail collar (1.2~1.5kg),PK,Source: Dry List,
急凍/冷藏,海產(魚/魚子),10010043,急凍劍魚腩,KAJIKI,Frozen Swordfish (2~3kg),KG,Source: Dry List,
急凍/冷藏,海產(魚/魚子),40010007,急凍銀鱈魚,GIN DARA,Frozen Cod fish (2-2.5kg),KG,Source: Dry List,
急凍/冷藏,海產(魚/魚子),60120077,小女子,KONAGO,Young sand lance cooked (2kg),PK,Source: Dry List,
急凍/冷藏,海產(魚/魚子),40010045,右口裙邊,ENGAWA,Olive flounder edge (500g),PK,Source: Dry List,
急凍/冷藏,海產(魚/魚子),40010037,味淋魚乾 (魚勝),MIRIN FUGU,Dried fish w/ sweet sake (500g),PK,Source: Dry List,
急凍/冷藏,海產(魚/魚子),40010122,鯖魚一夜干,IKA ICHIYABOSHI,Mackerel overnight dried (16pc),Box,Source: Dry List,
急凍/冷藏,海產(魚/魚子),40010026,中国産鰻蒲焼 (30pc),KABAYAKI UNAGI,Eel in soy-based sauce,KG,Source: Dry List,
急凍/冷藏,海產(魚/魚子),40010028,中国産鰻蒲焼 (40pc),KABAYAKI UNAGI,Eel in soy-based sauce,KG,Source: Dry List,
急凍/冷藏,海產(魚/魚子),40010030,中国産鰻蒲焼 (50pc),KABAYAKI UNAGI,Eel in soy-based sauce,KG,Source: Dry List,
急凍/冷藏,海產(魚/魚子),40010048,日本産鰻白焼,SHIRAYAKI UNAGI,Eel w/o sauce Japan (~200g),PK,Source: Dry List,
急凍/冷藏,海產(魚/魚子),40010064,鰻魚片,,Eel slice (20pc),PK,Source: Dry List,
急凍/冷藏,麵類/小食,40050003,冷凍日本稲庭烏冬,,Inaniwa udon (250g x 5),PK,Source: Dry List,
急凍/冷藏,麵類/小食,40050008,冷凍日本烏冬EX,,Sanuki udon (250g x 5),PK,Source: Dry List,
急凍/冷藏,麵類/小食,40050012,冷凍赤麵 武藏野,,Soba (200g x 5),PK,Source: Dry List,
急凍/冷藏,加工/其他,40040017,熟鮟鱇魚肝,,Cooked monk fish liver (~200g),PK,Source: Dry List,
急凍/冷藏,加工/其他,40010041,烏賊一夜干,IKA ICHIYABOSHI,Squid overnight dried (2pc),PK,Source: Dry List,
急凍/冷藏,加工/其他,40030063,芥辣蝦沙律,,Wasabi shrimp salad (600g),PK,Source: Dry List,
急凍/冷藏,加工/其他,40070028,蛍光魷魚沖漬,,Firefly squid pickle (500g),PK,Source: Dry List,
急凍/冷藏,加工/其他,40030037,真八爪,,Octopus (2~3.5kg),KG,Source: Dry List,
急凍/冷藏,加工/其他,40070011,芥辣八爪魚粒,,Wasabi octopus (1kg),PK,Source: Dry List,
急凍/冷藏,加工/其他,40020001,廣島蠔肉 2L,,Hiroshima oyster meat (1kg),PK,Source: Dry List,
急凍/冷藏,加工/其他,40040019,明太子沙律,,Mentaiko salad (1kg),PK,Source: Dry List,
急凍/冷藏,加工/其他,10020233,紋甲魷魚 (寿司用),,Cuttlefish for sushi use (1kg),PK,Source: Dry List,
急凍/冷藏,加工/其他,40070030,龍蝦沙律,,Lobster salad (1kg),PK,Source: Dry List,
急凍/冷藏,加工/其他,40030024,紋甲魷魚（寿司職人）,,Cuttlefish big piece (200~300g),PK,Source: Dry List,
米/穀類,米類,60010015,米糠,KOME NUKA,Rice bran (1kg),PK,Source: Dry List,
米/穀類,米類,60010008,白梅糯米,MOCHI KOME,Glutinous rice (900g),PK,Source: Dry List,
米/穀類,米類,60120004,米通,BUBUARARE,Crispy rice (300g),PK,Source: Dry List,
米/穀類,米類,60120052,五色米通,,Multi color crispy rice (500g),PK,Source: Dry List,
米/穀類,米類,60120033,粒裝飯油（炊飯用）,,Oil pellet for rice cooking (50pc),PK,Source: Dry List,
米/穀類,米類,60120020,特麗素（炊飯用）,,Miola for rice cooking (1kg),PK,Source: Dry List,
乾貨/調味,麵類,60020004,五木赤蕎麦麵,,Itsuki tea soba (250g),PK,Source: Dry List,
乾貨/調味,麵類,60020019,信州木曽路赤蕎麦麵,,Shinshu Kisoji red soba (200g),PK,Source: Dry List,
乾貨/調味,麵類,60020011,氷見烏冬（乾）,,Himi udon dried (1kg),PK,Source: Dry List,
乾貨/調味,麵類,60020049,後文稲庭烏冬（乾）,,Gobun Inaniwa udon dried (1kg),PK,Source: Dry List,
乾貨/調味,粉類,60030009,天婦羅粉（昭和）,,Tempura powder (700g),PK,Source: Dry List,
乾貨/調味,粉類,60030004,片栗粉,KATAKURIKO,Potato powder (1kg),PK,Source: Dry List,
乾貨/調味,粉類,60090266,紫蘇粉,YUKARIKO,Shiso powder (26g),PK,Source: Dry List,
乾貨/調味,粉類,60030015,Flower 薄力粉 (日清),,Nissin weak flour (1kg),PK,Source: Dry List,
乾貨/調味,粉類,60030010,薄力小麥粉 (日清),,Nissin weak wheat flour (1kg),PK,Source: Dry List,
乾貨/調味,粉類,60030063,片栗粉,KATAKURIKO,Potato powder (250G),PK,Source: Dry List,
乾貨/調味,粉類,60030018,易炸天婦羅炸粉（日清）,,Nissin easy-to-use tempura powder (1kg),PK,Source: Dry List,
乾貨/調味,粉類,60030002,純正麵包糠,SAKUSAKU PANKO,Frozen crispy bread crumb (1kg),PK,Source: Dry List,
乾貨/調味,粉類,60030020,乾燥麵包糠,,Dried bread crump (1kg),PK,Source: Dry List,
乾貨/調味,粉類,40070041,冷凍生麵包糠,,Frozen bread crump (2kg),PK,Source: Dry List,
乾貨/調味,粉類,60030011,蕨粉,WARABIKO,Bracken powder (500g),PK,Source: Dry List,
乾貨/調味,粉類,60030016,吉野葛粉（日の本KING）,,Japanese arrowroot powder (1kg),PK,Source: Dry List,
乾貨/調味,粉類,60120010,魚膠片,,Gelatin plate (300g),PK,Source: Dry List,
乾貨/調味,粉類,60120146,果凍粉,,Pearl agar (1kg),PK,Source: Dry List,
乾貨/調味,紫菜/海草/昆布,60040009,香味乾海苔,,Fragrant dried seaweed (50g),PK,Source: Dry List,
乾貨/調味,紫菜/海草/昆布,60040041,青紫菜粉,,Aosa seaweed powder (10g),PK,Source: Dry List,
乾貨/調味,紫菜/海草/昆布,60040027,寿司海苔A,,Sushi seaweed (50pc),PK,Source: Dry List,
乾貨/調味,紫菜/海草/昆布,60040007,有明海壽司海苔-強焼,,Kawaryou sushi seaweed half (50pc),PK,Source: Dry List,
乾貨/調味,紫菜/海草/昆布,60040024,有明海寿司海苔（全形）,,Kawaryou sushi seaweed whole (100pc),PK,Source: Dry List,
乾貨/調味,紫菜/海草/昆布,60040036,海草B-DORO白色,KAISO B-DORO,White alga (500g),PK,Source: Dry List,
乾貨/調味,紫菜/海草/昆布,60040022,青鶏冠草,AO TOSAKA,Green alga (500g),PK,Source: Dry List,
乾貨/調味,紫菜/海草/昆布,60040023,赤鶏冠草,AKA TOSAKA,Red alga (500g),PK,Source: Dry List,
乾貨/調味,紫菜/海草/昆布,60040038,鹽海草,,Salty wakame (500g),PK,Source: Dry List,
乾貨/調味,紫菜/海草/昆布,60040040,碎海草,,Cut wakame (200g),PK,Source: Dry List,
乾貨/調味,紫菜/海草/昆布,60040018,鳴門海草,,Naruto wakame (34g),PK,Source: Dry List,
乾貨/調味,紫菜/海草/昆布,60040029,海草沙律C寒天,,Alga salad w/ agar (100g),PK,Source: Dry List,
乾貨/調味,紫菜/海草/昆布,60040028,海草沙律A,,Alga salad (100g),PK,Source: Dry List,
乾貨/調味,紫菜/海草/昆布,,新鮮海草,,Fresh Wakame (500g),PK,Source: Dry List,
乾貨/調味,紫菜/海草/昆布,,鮮雞冠草,,Fresh Tosaka,PK,Source: Dry List,
乾貨/調味,削節/湯包,60050004,木魚花 (厚),,Bonito slice w/ bloodlines thick (1kg),PK,Source: Dry List,
乾貨/調味,削節/湯包,60050002,木魚花 (有血),,Bonito slice w/ bloodlines (1kg),PK,Source: Dry List,
乾貨/調味,削節/湯包,60050003,木魚花 (無血),,Bonito slice w/o bloodlines (1kg),PK,Source: Dry List,
乾貨/調味,削節/湯包,60050011,木魚絲,,Bonito filament (20g),PK,Source: Dry List,
乾貨/調味,削節/湯包,60050018,混合鯖魚花,,Mixed mackerel slice (180g),PK,Source: Dry List,
乾貨/調味,削節/湯包,60050006,鯖魚花 (厚),,Mackerel slice w/ bloodlines thick (1kg),PK,Source: Dry List,
乾貨/調味,削節/湯包,60050007,鯖魚花 (煮干入),,Mackerel slice w/ bloodines & niboshi (1kg),PK,Source: Dry List,
乾貨/調味,削節/湯包,60090128,木魚精,HON DASHI,Bonito soup stock powder (1kg),PK,Source: Dry List,
乾貨/調味,削節/湯包,60050017,白出汁,SHIRO DASHI,Soup stock in white soy sauce (1L),PK,Source: Dry List,
乾貨/調味,削節/湯包,60050034,木魚花出汁包 紅色,,Bonito soup stock bag red (100g x 10),PK,Source: Dry List,
乾貨/調味,削節/湯包,60090076,出汁包 (割烹之味),KAPPOU UME,Soup stock bag (50g x 10),PK,Source: Dry List,
乾貨/調味,削節/湯包,60050031,出汁包 TB50（新丸正）,,Soup stock bag TB50 (20pc),PK,Source: Dry List,
乾貨/調味,紫菜/海草/昆布,60050010,日出昆布,DASHI KONBU,Soup stock kelp (1kg),PK,Source: Dry List,
乾貨/調味,紫菜/海草/昆布,,真昆布,DASHI KONBU,Soup stock kelp (1kg),PK,Source: Dry List,
乾貨/調味,紫菜/海草/昆布,60050035,羅臼昆布,RAUSU KONBU,Hokkaido soup stock kelp (1kg),PK,Source: Dry List,
乾貨/調味,魚乾,60050005,煮干,NIBOSHI,Dried sardine (1KG),PK,Source: Dry List,
乾貨/調味,醬油/豉油,60090154,萬字豉油,,Kikkoman soy sauce (1.8L),PK,Source: Dry List,
乾貨/調味,醬油/豉油,60060020,山亞豉油,,Yamaa sakura soy sauce (1.8L),PK,Source: Dry List,
乾貨/調味,醬油/豉油,60060031,山字豉油,,Yamasa soy sauce (1.8L),PK,Source: Dry List,
乾貨/調味,醬油/豉油,60060012,溜溜豉油,TAMARI SHOYU,Rich soy sauce (1.8L),PK,Source: Dry List,
乾貨/調味,醬油/豉油,60060014,東丸淡口豉油,,Higashimaru thin soy sauce (1L),PK,Source: Dry List,
乾貨/調味,醬油/豉油,60060032,白豉油,SHIRO SHOYU,Amber thin soy sauce (1.8L),PK,Source: Dry List,
乾貨/調味,醬油/豉油,60090089,上字豉油 <桶>,,Yamasa soy sauce (18L),PK,Source: Dry List,
乾貨/調味,麵豉/味噌,60060002,八丁赤出麵豉,,Haccho akadashi miso (1kg),PK,Source: Dry List,
乾貨/調味,麵豉/味噌,60060004,京櫻赤出麵豉,,Kyouzakura akadashi miso (4kg),PK,Source: Dry List,
乾貨/調味,麵豉/味噌,60060010,信州白味噌,,Shinshu miso (1kg),PK,Source: Dry List,
乾貨/調味,麵豉/味噌,60060019,一休白味噌,,Marukome miso (1kg),PK,Source: Dry List,
乾貨/調味,麵豉/味噌,60060006,西京白味噌,,Saikyo miso w/o granule (500g),PK,Source: Dry List,
乾貨/調味,麵豉/味噌,60060027,石野西京白味噌（無粒）,,Ishino Saikyo miso w/o granule (1kg),PK,Source: Dry List,
乾貨/調味,麵豉/味噌,60060025,石野西京白味噌（有粒）,,Ishino Saikyo miso w/ granule (1kg),PK,Source: Dry List,
乾貨/調味,麵豉/味噌,60060007,石野西京白味噌（無粒）,,Ishino Saikyo miso w/o granule (4kg),PK,Source: Dry List,
乾貨/調味,麵豉/味噌,60060008,石野西京白味噌（有粒）,,Ishino Saikyo miso w/ granule (4kg),PK,Source: Dry List,
乾貨/調味,麵豉/味噌,60060005,麥粒麵豉,MOROMI MISO,Wheat granule miso (750g),PK,Source: Dry List,
乾貨/調味,麵豉/味噌,60060003,田舎麵豉,INAKA MISO,Countryside miso (1kg),PK,Source: Dry List,
乾貨/調味,麵豉/味噌,40040003,蟹膏麵豉,,Crab miso (70g),PK,Source: Dry List,
乾貨/調味,麵豉/味噌,60060024,金山寺麵豉,,Kinzanji miso,PK,Source: Dry List,
乾貨/調味,麵豉/味噌,60060029,朴葉麵豉,HOBA MISO,Magnolia leaf miso (800g),PK,Source: Dry List,
乾貨/調味,醋,60070006,穀物醋 (Mizkan),KOKUMOTSU SU,Grain vinegar (1.8L),PK,Source: Dry List,
乾貨/調味,醋,60070037,琥珀醸造醋（横井醸造）,,Yokoi amber color brewed vinegar (1.8L),PK,Source: Dry List,
乾貨/調味,醋,60070002,橙醋,DAIDAISU,Bitter orange vinegar (1.8L),PK,Source: Dry List,
乾貨/調味,醋,60070005,檸檬醋（Mizkan）,PONZU,Mizkan lemon vinegar (1.8L),PK,Source: Dry List,
乾貨/調味,醋,60070015,味付酸汁 (Mizkan),,Mizkan ajipon (1.8L),PK,Source: Dry List,
乾貨/調味,醋,60070031,三ッ判山吹（Mizkan）,,Mizkan sake lees vinegar (900ml),PK,Source: Dry List,
乾貨/調味,醋,60070001,千鳥醋,,Chidori vinegar (1.8L),PK,Source: Dry List,
乾貨/調味,醋,60070032,柚子醋 (Yamaa),YUZU PONZU,Yamaa citrus juice (1.8L),PK,Source: Dry List,
乾貨/調味,醋,60070010,醋橘醋,,Sudachi vinegar (1.8L),PK,Source: Dry List,
乾貨/調味,醋,60090092,柚子醋 (紙盒),,Yuzu vinegar (1.8L),PK,Source: Dry List,
乾貨/調味,醋,60070009,白菊醋（Mizkan）,,White chrysanthemum vinegar (20L),PK,Source: Dry List,
乾貨/調味,味醂/酒,60070021,本味醂（三樂）,,Sanraku sweet sake (1.8L),PK,Source: Dry List,
乾貨/調味,味醂/酒,60070036,本味醂（百万両）,,Hyakumanryou sweet sake (1.8L),PK,Source: Dry List,
乾貨/調味,味醂/酒,60070008,獅子煮酒,,Mercian cooking sake (1.8L),PK,Source: Dry List,
乾貨/調味,味醂/酒,60070030,赤酒 東肥,,Touhi red sake (1.8L),PK,Source: Dry List,
乾貨/調味,油,60080005,沙律油（日清）,,Nissin salad oil (1.5kg),PK,Source: Dry List,
乾貨/調味,油,60090190,鶏油 (Ebara),,Ebara chicken oil (900g),PK,Source: Dry List,
乾貨/調味,油,60080013,吞拿魚油,TOROMIYU,Thickened oil (900g),PK,Source: Dry List,
乾貨/調味,油,60080026,芝麻油（日清）,,Nissin sesame oil (1.5L),PK,Source: Dry List,
乾貨/調味,油,60080007,天婦羅油（昭和）,,Showa tempura oil (16.5kg),PK,Source: Dry List,
乾貨/調味,油,60080011,米油,,Rice oil (16.5kg),PK,Source: Dry List,
乾貨/調味,油,60080002,芝麻油（松本）,,Matsumoto sesame oil (16.5kg),PK,Source: Dry List,
乾貨/調味,調味/醬汁,60090047,日本辣椒醬 (蘿白茸),OROSHI MOMIJI,Grated radish & red pepper (180g),PK,Source: Dry List,
乾貨/調味,調味/醬汁,60090019,柚子胡椒（柚子胡椒本舗）,YUZU KOSHO,Citrus pepper (150g),PK,Source: Dry List,
乾貨/調味,調味/醬汁,60090109,青芥辣粉 (S-07),OROSHI WASABI,Grated horseradish powder (1kg),PK,Source: Dry List,
乾貨/調味,調味/醬汁,60090022,當胡麻(白)（九鬼）,KUKI ATARI GOMA,White sesame paste (300g),PK,Source: Dry List,
乾貨/調味,調味/醬汁,40070194,柚子皮絲 (金久),KIZAMI YUZU KAWA,Kinjirushi shredded citrus skin,PK,Source: Dry List,
乾貨/調味,調味/醬汁,60120086,有馬山椒,ARIMA SHASHO,Arima Japanese pepper (210g),PK,Source: Dry List,
乾貨/調味,調味/醬汁,60090101,青芥辣粉 (金印),OROSHI WASABI,Kinjirushi grated horseradish powder (1kg),PK,Source: Dry List,
乾貨/調味,調味/醬汁,60090018,青芥辣粉 (金久),OROSHI WASABI,Kaneku grated horseradish powder (1kg),PK,Source: Dry List,
乾貨/調味,調味/醬汁,60090108,辣椒絲 (Gaban),ITO TOGARASHI,Red pepper filament (100g),PK,Source: Dry List,
乾貨/調味,調味/醬汁,60090055,青芥辣 (Miko),OROSHI WASABI,Miko grated horseradish (1kg),PK,Source: Dry List,
乾貨/調味,調味/醬汁,60090024,當胡麻（恵美福）,EMIFUKU ATARI GOMA,Sesame paste (900ml),PK,Source: Dry List,
乾貨/調味,鹽/糖,60090112,日本塩,,Japanese salt (1kg),PK,Source: Dry List,
乾貨/調味,鹽/糖,60090001,日本味鹽,AJI SHIO,Japanese seasoned salt (110g),PK,Source: Dry List,
乾貨/調味,鹽/糖,60090153,伯方粗塩,HAKATA ARASHIO,Hakata course salt (1kg),PK,Source: Dry List,
乾貨/調味,鹽/糖,60090102,伯方焼塩,HAKATA YAKISHIO,Hakata baked salt (1kg),PK,Source: Dry List,
乾貨/調味,鹽/糖,60090135,赤穂天塩,AKOU NO AMASHIO,Akou salt (1kg),PK,Source: Dry List,
乾貨/調味,鹽/糖,60090133,柚子塩,YUZU SHIO,Citrus salt (300g),PK,Source: Dry List,
乾貨/調味,鹽/糖,60090090,抹茶塩,,Maccha salt (300g),PK,Source: Dry List,
乾貨/調味,鹽/糖,60090005,上白糖,JYOUHAKUTOU,White sugar (1kg),PK,Source: Dry List,
乾貨/調味,鹽/糖,60090007,咖啡糖,ZARAME CHUSOUTOU,Coffee sugar (1kg),PK,Source: Dry List,
乾貨/調味,鹽/糖,60090006,三溫糖,KACHIWARI KUROTOU,Brown sugar (1kg),PK,Source: Dry List,
乾貨/調味,鹽/糖,,日本沖縄黒糖粒 (300g),,Okinawa black Rock sugar (300G),PK,Source: Dry List,
乾貨/調味,調味/醬汁,60090118,紫菜醬,NORI TSUKUDANI,Seaweed boiled in sweetened soy sauce (180g),PK,Source: Dry List,
乾貨/調味,調味/醬汁,60100017,QP210蛋黃醬,,QP 210 Mayonnaise (1kg),PK,Source: Dry List,
乾貨/調味,調味/醬汁,60090043,豬扒汁（Bulldog）,TONKATSU SAUCE,Pork cutlet sauce (1.8L),PK,Source: Dry List,
乾貨/調味,調味/醬汁,60090065,融醇中辛咖哩,TOROKERU,Curry flake (1kg),PK,Source: Dry List,
乾貨/調味,調味/醬汁,60090113,咖喱磚 (S & B),,Dinner curry brick (1kg),PK,Source: Dry List,
乾貨/調味,調味/醬汁,60090295,照焼汁（日本食研）,,Teriyaki sauce (2kg),PK,Source: Dry List,
乾貨/調味,調味/醬汁,40040010,辛辣明太子魚籽醬,MENTAIKO PASTE,Cod roe paste (500g),PK,Source: Dry List,
乾貨/調味,調味/醬汁,60090085,柚子之粋,YUZU NO SUI,Citrus essence (300ml),PK,Source: Dry List,
乾貨/調味,調味/醬汁,60090030,意粉牛肉汁 (Heinz),,Heinz demi glace pasta sauce (3kg),PK,Source: Dry List,
乾貨/調味,調味/醬汁,60090037,燒鰻魚醬（日本食研）,UNAGI TARE,Grill eel sauce (2kg),PK,Source: Dry List,
乾貨/調味,調味/醬汁,60100004,和風沙律汁（日本食研）,,Japanese style dressing (1L),PK,Source: Dry List,
乾貨/調味,調味/醬汁,60100006,芥辣沙律油,,Wasabi soy sauce dressing (1L),PK,Source: Dry List,
乾貨/調味,調味/醬汁,60100010,蒜香蕃茄沙律汁 (Mizkan),,Italian Paccio Tomato garlic dressing (1L),PK,Source: Dry List,
乾貨/調味,調味/醬汁,60100012,香味和風沙律汁 (QP),,Fragrant Japanese style dressing (1L),PK,Source: Dry List,
乾貨/調味,調味/醬汁,60100013,香味柚子沙律汁 (QP),,Fragrant Citrus dressing (1L),PK,Source: Dry List,
乾貨/調味,調味/醬汁,60100030,丘比焙煎芝麻沙律汁 (QP),,Roasted sesame dressing (1L),PK,Source: Dry List,
乾貨/調味,調味/醬汁,60100001,青紫蘇沙律油（理研）,,Non-oil green shiso dressing (1L),PK,Source: Dry List,
乾貨/調味,調味/醬汁,60100067,凱撒沙律汁 (QP),,Caesar dressing (1.5L),PK,Source: Dry List,
乾貨/調味,調味/醬汁,60100042,博多豬骨拉麵湯 (Ebara),,Hakata pork ramen soup base (1kg),PK,Source: Dry List,
乾貨/調味,調味/醬汁,60100043,雞骨豉油拉麵汁 (Ebara),,Chicken soy sauce ramen soup base (2kg),PK,Source: Dry List,
急凍/冷藏,加工/小食,60120089,燒鱈魚卷,,Roasted cod fish roll (35g),PK,Source: Dry List,
急凍/冷藏,加工/小食,40030053,板白魚片,SHIRO KAMABOKO,Boiled fish cake white (130g),PK,Source: Dry List,
急凍/冷藏,加工/小食,40030054,板紅魚片,AKA KAMABOKO,Boiled fish cake red (130g),PK,Source: Dry List,
急凍/冷藏,加工/小食,40030057,燒板魚片,,Roasted fish cake,PK,Source: Dry List,
急凍/冷藏,加工/小食,60120106,蟹麵豉豆腐,,Crab miso bean curd (210g),PK,Source: Dry List,
急凍/冷藏,加工/小食,20040009,海膽豆腐,,Sea urchin bean curd (210g),PK,Source: Dry List,
急凍/冷藏,加工/小食,60120256,鮟鱇魚肝豆腐,,Monk fish liver bean curd (210g),PK,Source: Dry List,
急凍/冷藏,加工/小食,20040012,海膽醬,NERI URI,Sea urchin paste (80g),PK,Source: Dry List,
急凍/冷藏,加工/小食,,海膽醬,NERI URI,Sea urchin paste (1kg),PK,Source: Dry List,
急凍/冷藏,加工/小食,10060013,吞拿魚酒盗,MAGURO SHUTO,Tuna internal organs pickle,PK,Source: Dry List,
急凍/冷藏,加工/小食,10060017,鰹魚酒盗,KATSUO SHUTO,Bonito internal organs pickle (500g),PK,Source: Dry List,
急凍/冷藏,加工/小食,40010036,七味魚翅乾,EIHIRE,Dried mottled skate fin (500g),PK,Source: Dry List,
急凍/冷藏,加工/小食,60120084,山椒幼銀魚,SANSHO CHIRIMEN JAKO,Dried baby sardine w/sansho (500g),PK,Source: Dry List,
急凍/冷藏,加工/小食,60120076,三文魚乾,SAKE TOBA,Dried salmon (~500g),PK,Source: Dry List,
急凍/冷藏,加工/小食,60120025,桜花蝦乾（台湾）,,Dried sakura shrimp Taiwan (500g),PK,Source: Dry List,
急凍/冷藏,加工/小食,40030050,魷魚鹽辛,IKA SHIOKARA,Squid pickle in salt (1kg),PK,Source: Dry List,
急凍/冷藏,加工/小食,60120120,梅水晶,UME SUISHO,Shark cartilage w/ plum mix (700g),PK,Source: Dry List,
急凍/冷藏,加工/小食,60120006,幼銀魚,CHIRIMEN JAKO,Dried baby sardine (1kg),PK,Source: Dry List,
急凍/冷藏,加工/小食,40070003,餃子,,Dumpling (50pc),PK,Source: Dry List,
急凍/冷藏,加工/小食,40070088,煎餃子,,Fry dumpling (30pc),PK,Source: Dry List,
急凍/冷藏,加工/小食,40070050,牛肉薯餅,,Beef croquette (750g),PK,Source: Dry List,
急凍/冷藏,加工/小食,40070010,雞肉軟骨棒,TSUKUNE,Cartilage on skewer (50 pc),PK,Source: Dry List,
雜項,雜項,60120015,黒薯糕,,Black konjac (250g),PK,Source: Dry List,
雜項,雜項,60120087,白薯糕,,White konjac (250g),PK,Source: Dry List,
雜項,雜項,60120027,水浸粉絲,SHIRATAKI,Konjac strings (200g),PK,Source: Dry List,
雜項,雜項,40070014,油揚（炸豆腐）,ABURAAGE,Fry bean curd (3pc),PK,Source: Dry List,
雜項,雜項,40070062,味附水雲（三杯醋）,,Mozuku seaweed in vinegar (3pk),PK,Source: Dry List,
雜項,雜項,60120021,罐裝蘑菇（滑子菇）,NAMEKO,Scotch mushroom canned (400g),PK,Source: Dry List,
雜項,雜項,40070023,餃子皮,,Dumpling skin (24pc),PK,Source: Dry List,
雜項,雜項,40070002,急凍枝豆,EDAMAME,Frozen green soybean (500g),PK,Source: Dry List,
雜項,雜項,60120002,紅豆（罐庄）,,Red bean canned (430g),PK,Source: Dry List,
雜項,雜項,60120016,高野豆腐,TAKANO TOFU,Dried bean curd (16.4g),PK,Source: Dry List,
雜項,雜項,40070049,急凍六方里芋,SATOIMO,Frozen dice-cut taro (500g),PK,Source: Dry List,
雜項,雜項,60120069,絹豆腐,KINU TOFU,Soft bean curd (400g),PK,Source: Dry List,
雜項,雜項,60120079,木棉豆腐,MOMEN TOFU,Hard bean curd (400g),PK,Source: Dry List,
雜項,雜項,10060007,厚揚（炸豆腐）,ATSUAGE,Deep-fried bean curd (6pc),PK,Source: Dry List,
雜項,雜項,60120060,蜜柑（罐庄）,,Mandarin orange canned (435g),PK,Source: Dry List,
雜項,雜項,40070095,無皮枝豆,MUKI EDAMAME,Frozen green soybean w/o skin (500g),PK,Source: Dry List,
雜項,雜項,60120001,味附乾瓢,AJITSUKE KANPYO,Seasoned gourd (1kg),PK,Source: Dry List,
雜項,雜項,60120116,罐裝鵪鶉蛋,UZURA TAMAGO,Quail egg canned (820g),PK,Source: Dry List,
雜項,雜項,40070208,芝士年糕 (40g),,Rice cake w/ cheese & potato (20pc),PK,Source: Dry List,
雜項,雜項,40070015,味附油揚（三角）,,Seasoned fry bean curd triangular (60pc),PK,Source: Dry List,
雜項,雜項,40070102,南瓜薯餅,,Pumpkin croquette (750g),PK,Source: Dry List,
雜項,雜項,60120037,山桃蜜糖漬,YAMAMOMO,Bayberry w/ syrup (500g),PK,Source: Dry List,
雜項,雜項,40070077,急凍一口甜薯(10g),HITOKUCHI SATSUMAIMO,Mouthful sweet potato (50pc),PK,Source: Dry List,
雜項,雜項,60120031,京之豆乳,,Kyo soy milk (1L),PK,Source: Dry List,
雜項,雜項,40070004,大福皮,GYUHI,Crepe (10pc),PK,Source: Dry List,
雜項,雜項,20010271,味付竹筍,,Seasoned bamboo shoot canned (2.95kg),PK,Source: Dry List,
雜項,雜項,60120014,千切大根,KIRIBOSHI DAIKON,Dried white radish cut (500g),PK,Source: Dry List,
雜項,雜項,60120018,栗甘露煮,KURI KANRONI,Chestnut cooked w/ honeydew (1kg),PK,Source: Dry List,
雜項,雜項,60120044,黒豆蜜煮,KUROMAME,Black bean cooked w/ syrup (1kg),PK,Source: Dry List,
雜項,雜項,60120043,湯葉,YUBA TORO,Bean curd skin (500g),PK,Source: Dry List,
雜項,雜項,,味付乾瓢,,Aji tsuki gourd,PK,Source: Dry List,
雜項,雜項,60120011,乾瓢（無味）,,Dried gourd (1kg),PK,Source: Dry List,
雜項,廚具/清潔,60090062,岩鹽粉,,Rock salt fine (1KG),PK,Source: Dry List,
雜項,廚具/清潔,,Kitchen Gard 廚房消毒劑 1L　（填充）,,Kitchen Sterilizer 1L Refill,PK,Source: Dry List,
雜項,廚具/清潔,,Kitchen Gard 廚房消毒劑 1L　(有噴咀),,Kitchen Sterilizer 1L With Spray,PK,Source: Dry List,
雜項,廚具/清潔,70040014,固形燃料,,Solid fuel (40pc),PK,Source: Dry List,
雜項,廚具/清潔,70010042,平串 (15cm),,Flat bamboo stick (100pc),PK,Source: Dry List,
雜項,廚具/清潔,,花結串 (9cm),,bamboo stick 9cm (100pc),PK,Source: Dry List,
雜項,廚具/清潔,70010068,銀杏串,,Ginkgo stick,PK,Source: Dry List,
雜項,廚具/清潔,70010007,天婦羅紙 (100PC),,Tempura paper (100pc),PK,Source: Dry List,
雜項,廚具/清潔,70010003,吸水紙,,Fish paper (2roll/pk),PK,Source: Dry List,
雜項,茶類,,宇治之露玄米茶 (200g),GENMAI CHA,,200g,PK,Source: Dry List
雜項,茶類,,香焙茶（宇治乃露）200G,HOUJICHA (UJINOTSUYU),,200g,PK,Source: Dry List
雜項,茶類,,小山園 綠茶 200g,,Green tea (Koyamaen),200g,PK,Source: Dry List
雜項,茶類,,粉茶 (綱島園綠茶粉),KONA CHA,,400g,PK,Source: Dry List
米/穀類,日本米,,越光米（魚沼）,Uonuma Koshi Hikari,MIDDLE-HIGH Stickiness,KG,Source: Rice List,
米/穀類,日本米,,越光米（新潟）香港精米,Niigata Koshi Hikari,MIDDLE-HIGH Stickiness,KG,Source: Rice List,
米/穀類,日本米,,山形生抜米,Yamagata haenuki,MIDDLE Stickiness,KG,Source: Rice List,
米/穀類,日本米,,越息吹,Niigata Koshi Ibuki,LOW Stickiness,KG,Source: Rice List,
米/穀類,日本米,,久保田新鮮米(混合米),KUBOTA MIX RICE,LOW Stickiness,KG,Source: Rice List,
急凍/冷藏,和牛/豚,,A5 西冷,A5 SIRLOIN,,KG,Source: Beef List,
急凍/冷藏,和牛/豚,,A5肉眼,A5 RIB EYE,,KG,Source: Beef List,
急凍/冷藏,和牛/豚,,A5牛柳,A5 TENDERLION,,KG,Source: Beef List,
急凍/冷藏,和牛/豚,,A4 西冷,A4 SIRLOIN,,KG,Source: Beef List,
急凍/冷藏,和牛/豚,,A4肉眼,A4 RIB EYE,,KG,Source: Beef List,
急凍/冷藏,和牛/豚,,A4牛柳,A4 TENDERLION,,KG,Source: Beef List,
急凍/冷藏,和牛/豚,,北海道豚腩肉,MIYAZAKI PORK BELLY,,KG,Source: Beef List,
急凍/冷藏,和牛/豚,,北海道豚扒,MIYAZAKI PORK STRIPLOIN,,KG,Source: Beef List,
